{
  "throw error": "throw error",
  "Главная страница": "Главная страница",
  "О сайте": "О сайте",
  "О сайте123123": "О сайте123123",
  "Обновить страницу": "Обновить страницу",
  "Произошла непредвиденная ошибка": "Произошла непредвиденная ошибка",
  "Страница не найдена": "Страница не найдена",
  "Язык": "Язык",
  "Главная": "Главная"
}
