{
  "Ваш возраст": "",
  "Ваша фамилия": "",
  "Ваше имя": "",
  "Введите имя пользователя": "",
  "Введите ссылку на аватар": "",
  "Город": "",
  "Данные не указаны": "",
  "Имя и фамилия обязательны": "",
  "Некорректный возраст": "",
  "Некорректный регион": "",
  "Отменить": "",
  "Попробуйте обновить страницу": "",
  "Произошла ошибка при загрузке профиля": "",
  "Профиль": "",
  "Профиль не найден": "",
  "Редактировать": "",
  "Серверная ошибка при сохранении": "",
  "Сохранить": ""
}
