{
  "notifications": [
    {
      "id": "1",
      "title": "Уведомление 1",
      "description": "Произошло какое-то событие",
      "userId": "1"
    },
    {
      "id": "2",
      "title": "Уведомление 2",
      "description": "Произошло какое-то событие",
      "userId": "1",
      "href": "http://localhost:3000/admin"
    },
    {
      "id": "3",
      "title": "Уведомление 3",
      "description": "Произошло какое-то событие",
      "userId": "1",
      "href": "http://localhost:3000/admin"
    },
    {
      "id": "4",
      "title": "Уведомление 4",
      "description": "Произошло какое-то событие",
      "userId": "1"
    },
    {
      "id": "5",
      "title": "Уведомление 1",
      "description": "Произошло какое-то событие",
      "userId": "2"
    }
  ],
  "articles": [
    {
      "id": "1",
      "title": "Javascript news СВЕЖАЯ",
      "subtitle": "Что нового в JS за 2022 год?",
      "img": "https://teknotower.com/wp-content/uploads/2020/11/js.png",
      "views": 1022,
      "createdAt": "26.04.2022",
      "userId": "1",
      "type": [
        "IT"
      ],
      "blocks": [
        {
          "id": "1",
          "type": "TEXT",
          "title": "Заголовок этого блока",
          "paragraphs": [
            "Программа, которую по традиции называют «Hello, world!», очень проста. Она выводит куда-либо фразу «Hello, world!», или другую подобную, средствами некоего языка.",
            "JavaScript — это язык, программы на котором можно выполнять в разных средах. В нашем случае речь идёт о браузерах и о серверной платформе Node.js. Если до сих пор вы не написали ни строчки кода на JS и читаете этот текст в браузере, на настольном компьютере, это значит, что вы буквально в считанных секундах от своей первой JavaScript-программы.",
            "Существуют и другие способы запуска JS-кода в браузере. Так, если говорить об обычном использовании программ на JavaScript, они загружаются в браузер для обеспечения работы веб-страниц. Как правило, код оформляют в виде отдельных файлов с расширением .js, которые подключают к веб-страницам, но программный код можно включать и непосредственно в код страницы. Всё это делается с помощью тега <script>. Когда браузер обнаруживает такой код, он выполняет его. Подробности о теге script можно посмотреть на сайте w3school.com. В частности, рассмотрим пример, демонстрирующий работу с веб-страницей средствами JavaScript, приведённый на этом ресурсе. Этот пример можно запустить и средствами данного ресурса (ищите кнопку Try it Yourself), но мы поступим немного иначе. А именно, создадим в каком-нибудь текстовом редакторе (например — в VS Code или в Notepad++) новый файл, который назовём hello.html, и добавим в него следующий код:"
          ]
        },
        {
          "id": "4",
          "type": "CODE",
          "code": "<!DOCTYPE html>\n<html>\n  <body>\n    <p id=\"hello\"></p>\n\n    <script>\n      document.getElementById(\"hello\").innerHTML = \"Hello, world!\";\n    </script>\n  </body>\n</html>;"
        },
        {
          "id": "5",
          "type": "TEXT",
          "title": "Заголовок этого блока",
          "paragraphs": [
            "Программа, которую по традиции называют «Hello, world!», очень проста. Она выводит куда-либо фразу «Hello, world!», или другую подобную, средствами некоего языка.",
            "Существуют и другие способы запуска JS-кода в браузере. Так, если говорить об обычном использовании программ на JavaScript, они загружаются в браузер для обеспечения работы веб-страниц. Как правило, код оформляют в виде отдельных файлов с расширением .js, которые подключают к веб-страницам, но программный код можно включать и непосредственно в код страницы. Всё это делается с помощью тега <script>. Когда браузер обнаруживает такой код, он выполняет его. Подробности о теге script можно посмотреть на сайте w3school.com. В частности, рассмотрим пример, демонстрирующий работу с веб-страницей средствами JavaScript, приведённый на этом ресурсе. Этот пример можно запустить и средствами данного ресурса (ищите кнопку Try it Yourself), но мы поступим немного иначе. А именно, создадим в каком-нибудь текстовом редакторе (например — в VS Code или в Notepad++) новый файл, который назовём hello.html, и добавим в него следующий код:"
          ]
        },
        {
          "id": "2",
          "type": "IMAGE",
          "src": "https://hsto.org/r/w1560/getpro/habr/post_images/d56/a02/ffc/d56a02ffc62949b42904ca00c63d8cc1.png",
          "title": "Рисунок 1 - скриншот сайта"
        },
        {
          "id": "3",
          "type": "CODE",
          "code": "const path = require('path');\n\nconst server = jsonServer.create();\n\nconst router = jsonServer.router(path.resolve(__dirname, 'db.json'));\n\nserver.use(jsonServer.defaults({}));\nserver.use(jsonServer.bodyParser);"
        },
        {
          "id": "7",
          "type": "TEXT",
          "title": "Заголовок этого блока",
          "paragraphs": [
            "JavaScript — это язык, программы на котором можно выполнять в разных средах. В нашем случае речь идёт о браузерах и о серверной платформе Node.js. Если до сих пор вы не написали ни строчки кода на JS и читаете этот текст в браузере, на настольном компьютере, это значит, что вы буквально в считанных секундах от своей первой JavaScript-программы.",
            "Существуют и другие способы запуска JS-кода в браузере. Так, если говорить об обычном использовании программ на JavaScript, они загружаются в браузер для обеспечения работы веб-страниц. Как правило, код оформляют в виде отдельных файлов с расширением .js, которые подключают к веб-страницам, но программный код можно включать и непосредственно в код страницы. Всё это делается с помощью тега <script>. Когда браузер обнаруживает такой код, он выполняет его. Подробности о теге script можно посмотреть на сайте w3school.com. В частности, рассмотрим пример, демонстрирующий работу с веб-страницей средствами JavaScript, приведённый на этом ресурсе. Этот пример можно запустить и средствами данного ресурса (ищите кнопку Try it Yourself), но мы поступим немного иначе. А именно, создадим в каком-нибудь текстовом редакторе (например — в VS Code или в Notepad++) новый файл, который назовём hello.html, и добавим в него следующий код:"
          ]
        },
        {
          "id": "8",
          "type": "IMAGE",
          "src": "https://hsto.org/r/w1560/getpro/habr/post_images/d56/a02/ffc/d56a02ffc62949b42904ca00c63d8cc1.png",
          "title": "Рисунок 1 - скриншот сайта"
        },
        {
          "id": "9",
          "type": "TEXT",
          "title": "Заголовок этого блока",
          "paragraphs": [
            "JavaScript — это язык, программы на котором можно выполнять в разных средах. В нашем случае речь идёт о браузерах и о серверной платформе Node.js. Если до сих пор вы не написали ни строчки кода на JS и читаете этот текст в браузере, на настольном компьютере, это значит, что вы буквально в считанных секундах от своей первой JavaScript-программы."
          ]
        }
      ]
    },
    {
      "id": "2",
      "title": "Python news",
      "subtitle": "Что нового в JS за 2022 год?",
      "img": "https://zsfond.ru/wp-content/uploads/2021/03/piton-1-1024x578.jpg",
      "views": 5204,
      "createdAt": "26.02.2022",
      "userId": "1",
      "type": [
        "IT"
      ],
      "blocks": [
        {
          "id": "1",
          "type": "TEXT",
          "title": "Заголовок этого блока",
          "paragraphs": [
            "Программа, которую по традиции называют «Hello, world!», очень проста. Она выводит куда-либо фразу «Hello, world!», или другую подобную, средствами некоего языка.",
            "JavaScript — это язык, программы на котором можно выполнять в разных средах. В нашем случае речь идёт о браузерах и о серверной платформе Node.js. Если до сих пор вы не написали ни строчки кода на JS и читаете этот текст в браузере, на настольном компьютере, это значит, что вы буквально в считанных секундах от своей первой JavaScript-программы.",
            "Существуют и другие способы запуска JS-кода в браузере. Так, если говорить об обычном использовании программ на JavaScript, они загружаются в браузер для обеспечения работы веб-страниц. Как правило, код оформляют в виде отдельных файлов с расширением .js, которые подключают к веб-страницам, но программный код можно включать и непосредственно в код страницы. Всё это делается с помощью тега <script>. Когда браузер обнаруживает такой код, он выполняет его. Подробности о теге script можно посмотреть на сайте w3school.com. В частности, рассмотрим пример, демонстрирующий работу с веб-страницей средствами JavaScript, приведённый на этом ресурсе. Этот пример можно запустить и средствами данного ресурса (ищите кнопку Try it Yourself), но мы поступим немного иначе. А именно, создадим в каком-нибудь текстовом редакторе (например — в VS Code или в Notepad++) новый файл, который назовём hello.html, и добавим в него следующий код:"
          ]
        }
      ]
    },
    {
      "id": "3",
      "title": "Kotlin news 2019",
      "subtitle": "Что нового в JS за 2022 год?",
      "img": "https://miro.medium.com/max/1200/1*FNakkrty3kjOvNU8m5iQfw.png",
      "views": 94002,
      "createdAt": "26.02.2019",
      "userId": "1",
      "type": [
        "IT"
      ],
      "blocks": [
        {
          "id": "1",
          "type": "TEXT",
          "title": "Заголовок этого блока",
          "paragraphs": [
            "Программа, которую по традиции называют «Hello, world!», очень проста. Она выводит куда-либо фразу «Hello, world!», или другую подобную, средствами некоего языка.",
            "JavaScript — это язык, программы на котором можно выполнять в разных средах. В нашем случае речь идёт о браузерах и о серверной платформе Node.js. Если до сих пор вы не написали ни строчки кода на JS и читаете этот текст в браузере, на настольном компьютере, это значит, что вы буквально в считанных секундах от своей первой JavaScript-программы.",
            "Существуют и другие способы запуска JS-кода в браузере. Так, если говорить об обычном использовании программ на JavaScript, они загружаются в браузер для обеспечения работы веб-страниц. Как правило, код оформляют в виде отдельных файлов с расширением .js, которые подключают к веб-страницам, но программный код можно включать и непосредственно в код страницы. Всё это делается с помощью тега <script>. Когда браузер обнаруживает такой код, он выполняет его. Подробности о теге script можно посмотреть на сайте w3school.com. В частности, рассмотрим пример, демонстрирующий работу с веб-страницей средствами JavaScript, приведённый на этом ресурсе. Этот пример можно запустить и средствами данного ресурса (ищите кнопку Try it Yourself), но мы поступим немного иначе. А именно, создадим в каком-нибудь текстовом редакторе (например — в VS Code или в Notepad++) новый файл, который назовём hello.html, и добавим в него следующий код:"
          ]
        }
      ]
    },
    {
      "id": "4",
      "title": "Scala news",
      "subtitle": "Что нового в JS за 2022 год?",
      "img": "https://coursefreedl.com/wp-content/uploads/2020/01/Scala-Zero-To-Hero-Complete-Guide.jpg",
      "views": 10222,
      "createdAt": "24.01.2022",
      "userId": "1",
      "type": [
        "IT"
      ],
      "blocks": [
        {
          "id": "1",
          "type": "TEXT",
          "title": "Заголовок этого блока",
          "paragraphs": [
            "Программа, которую по традиции называют «Hello, world!», очень проста. Она выводит куда-либо фразу «Hello, world!», или другую подобную, средствами некоего языка.",
            "JavaScript — это язык, программы на котором можно выполнять в разных средах. В нашем случае речь идёт о браузерах и о серверной платформе Node.js. Если до сих пор вы не написали ни строчки кода на JS и читаете этот текст в браузере, на настольном компьютере, это значит, что вы буквально в считанных секундах от своей первой JavaScript-программы.",
            "Существуют и другие способы запуска JS-кода в браузере. Так, если говорить об обычном использовании программ на JavaScript, они загружаются в браузер для обеспечения работы веб-страниц. Как правило, код оформляют в виде отдельных файлов с расширением .js, которые подключают к веб-страницам, но программный код можно включать и непосредственно в код страницы. Всё это делается с помощью тега <script>. Когда браузер обнаруживает такой код, он выполняет его. Подробности о теге script можно посмотреть на сайте w3school.com. В частности, рассмотрим пример, демонстрирующий работу с веб-страницей средствами JavaScript, приведённый на этом ресурсе. Этот пример можно запустить и средствами данного ресурса (ищите кнопку Try it Yourself), но мы поступим немного иначе. А именно, создадим в каком-нибудь текстовом редакторе (например — в VS Code или в Notepad++) новый файл, который назовём hello.html, и добавим в него следующий код:"
          ]
        }
      ]
    },
    {
      "id": "5",
      "title": "Golang news",
      "subtitle": "Что нового в JS за 2022 год?",
      "img": "https://cdn-front.kwork.ru/pics/t3/88/16350941-1630390388.jpg",
      "views": 10222,
      "createdAt": "26.02.2020",
      "userId": "1",
      "type": [
        "IT"
      ],
      "blocks": [
        {
          "id": "1",
          "type": "TEXT",
          "title": "Заголовок этого блока",
          "paragraphs": [
            "Программа, которую по традиции называют «Hello, world!», очень проста. Она выводит куда-либо фразу «Hello, world!», или другую подобную, средствами некоего языка.",
            "JavaScript — это язык, программы на котором можно выполнять в разных средах. В нашем случае речь идёт о браузерах и о серверной платформе Node.js. Если до сих пор вы не написали ни строчки кода на JS и читаете этот текст в браузере, на настольном компьютере, это значит, что вы буквально в считанных секундах от своей первой JavaScript-программы.",
            "Существуют и другие способы запуска JS-кода в браузере. Так, если говорить об обычном использовании программ на JavaScript, они загружаются в браузер для обеспечения работы веб-страниц. Как правило, код оформляют в виде отдельных файлов с расширением .js, которые подключают к веб-страницам, но программный код можно включать и непосредственно в код страницы. Всё это делается с помощью тега <script>. Когда браузер обнаруживает такой код, он выполняет его. Подробности о теге script можно посмотреть на сайте w3school.com. В частности, рассмотрим пример, демонстрирующий работу с веб-страницей средствами JavaScript, приведённый на этом ресурсе. Этот пример можно запустить и средствами данного ресурса (ищите кнопку Try it Yourself), но мы поступим немного иначе. А именно, создадим в каком-нибудь текстовом редакторе (например — в VS Code или в Notepad++) новый файл, который назовём hello.html, и добавим в него следующий код:"
          ]
        }
      ]
    },
    {
      "id": "6",
      "title": "Java news",
      "subtitle": "Что нового в JS за 2022 год?",
      "img": "https://andreyex.ru/wp-content/uploads/2018/05/Kak-ustanovit-Java-s-apt-na-Ubuntu-18.04.jpg",
      "views": 1022,
      "createdAt": "26.02.2022",
      "userId": "1",
      "type": [
        "IT"
      ],
      "blocks": [
        {
          "id": "1",
          "type": "TEXT",
          "title": "Заголовок этого блока",
          "paragraphs": [
            "Программа, которую по традиции называют «Hello, world!», очень проста. Она выводит куда-либо фразу «Hello, world!», или другую подобную, средствами некоего языка.",
            "JavaScript — это язык, программы на котором можно выполнять в разных средах. В нашем случае речь идёт о браузерах и о серверной платформе Node.js. Если до сих пор вы не написали ни строчки кода на JS и читаете этот текст в браузере, на настольном компьютере, это значит, что вы буквально в считанных секундах от своей первой JavaScript-программы.",
            "Существуют и другие способы запуска JS-кода в браузере. Так, если говорить об обычном использовании программ на JavaScript, они загружаются в браузер для обеспечения работы веб-страниц. Как правило, код оформляют в виде отдельных файлов с расширением .js, которые подключают к веб-страницам, но программный код можно включать и непосредственно в код страницы. Всё это делается с помощью тега <script>. Когда браузер обнаруживает такой код, он выполняет его. Подробности о теге script можно посмотреть на сайте w3school.com. В частности, рассмотрим пример, демонстрирующий работу с веб-страницей средствами JavaScript, приведённый на этом ресурсе. Этот пример можно запустить и средствами данного ресурса (ищите кнопку Try it Yourself), но мы поступим немного иначе. А именно, создадим в каком-нибудь текстовом редакторе (например — в VS Code или в Notepad++) новый файл, который назовём hello.html, и добавим в него следующий код:"
          ]
        }
      ]
    },
    {
      "id": "7",
      "title": "Ruby news",
      "subtitle": "Что нового в JS за 2022 год?",
      "img": "https://res.cloudinary.com/practicaldev/image/fetch/s--oqV3akcU--/c_imagga_scale,f_auto,fl_progressive,h_500,q_auto,w_1000/https://dev-to-uploads.s3.amazonaws.com/i/pgnw91fs7tpxn0wyeqh2.jpg",
      "views": 100,
      "createdAt": "21.02.2022",
      "userId": "1",
      "type": [
        "IT"
      ],
      "blocks": [
        {
          "id": "1",
          "type": "TEXT",
          "title": "Заголовок этого блока",
          "paragraphs": [
            "Программа, которую по традиции называют «Hello, world!», очень проста. Она выводит куда-либо фразу «Hello, world!», или другую подобную, средствами некоего языка.",
            "JavaScript — это язык, программы на котором можно выполнять в разных средах. В нашем случае речь идёт о браузерах и о серверной платформе Node.js. Если до сих пор вы не написали ни строчки кода на JS и читаете этот текст в браузере, на настольном компьютере, это значит, что вы буквально в считанных секундах от своей первой JavaScript-программы.",
            "Существуют и другие способы запуска JS-кода в браузере. Так, если говорить об обычном использовании программ на JavaScript, они загружаются в браузер для обеспечения работы веб-страниц. Как правило, код оформляют в виде отдельных файлов с расширением .js, которые подключают к веб-страницам, но программный код можно включать и непосредственно в код страницы. Всё это делается с помощью тега <script>. Когда браузер обнаруживает такой код, он выполняет его. Подробности о теге script можно посмотреть на сайте w3school.com. В частности, рассмотрим пример, демонстрирующий работу с веб-страницей средствами JavaScript, приведённый на этом ресурсе. Этот пример можно запустить и средствами данного ресурса (ищите кнопку Try it Yourself), но мы поступим немного иначе. А именно, создадим в каком-нибудь текстовом редакторе (например — в VS Code или в Notepad++) новый файл, который назовём hello.html, и добавим в него следующий код:"
          ]
        }
      ]
    },
    {
      "id": "8",
      "title": "TypeScript news",
      "subtitle": "Что нового в JS за 2022 год?",
      "img": "https://miro.medium.com/max/1400/1*aTCN2ctKNoZupUCMP0hQuw.png",
      "views": 102222,
      "createdAt": "26.02.2022",
      "userId": "1",
      "type": [
        "IT"
      ],
      "blocks": [
        {
          "id": "1",
          "type": "TEXT",
          "title": "Заголовок этого блока",
          "paragraphs": [
            "Программа, которую по традиции называют «Hello, world!», очень проста. Она выводит куда-либо фразу «Hello, world!», или другую подобную, средствами некоего языка.",
            "JavaScript — это язык, программы на котором можно выполнять в разных средах. В нашем случае речь идёт о браузерах и о серверной платформе Node.js. Если до сих пор вы не написали ни строчки кода на JS и читаете этот текст в браузере, на настольном компьютере, это значит, что вы буквально в считанных секундах от своей первой JavaScript-программы.",
            "Существуют и другие способы запуска JS-кода в браузере. Так, если говорить об обычном использовании программ на JavaScript, они загружаются в браузер для обеспечения работы веб-страниц. Как правило, код оформляют в виде отдельных файлов с расширением .js, которые подключают к веб-страницам, но программный код можно включать и непосредственно в код страницы. Всё это делается с помощью тега <script>. Когда браузер обнаруживает такой код, он выполняет его. Подробности о теге script можно посмотреть на сайте w3school.com. В частности, рассмотрим пример, демонстрирующий работу с веб-страницей средствами JavaScript, приведённый на этом ресурсе. Этот пример можно запустить и средствами данного ресурса (ищите кнопку Try it Yourself), но мы поступим немного иначе. А именно, создадим в каком-нибудь текстовом редакторе (например — в VS Code или в Notepad++) новый файл, который назовём hello.html, и добавим в него следующий код:"
          ]
        }
      ]
    },
    {
      "id": "9",
      "title": "Kotlin news",
      "subtitle": "Что нового в JS за 2022 год?",
      "img": "https://miro.medium.com/max/1200/1*FNakkrty3kjOvNU8m5iQfw.png",
      "views": 1022,
      "createdAt": "26.02.2022",
      "userId": "1",
      "type": [
        "IT"
      ],
      "blocks": [
        {
          "id": "1",
          "type": "TEXT",
          "title": "Заголовок этого блока",
          "paragraphs": [
            "Программа, которую по традиции называют «Hello, world!», очень проста. Она выводит куда-либо фразу «Hello, world!», или другую подобную, средствами некоего языка.",
            "JavaScript — это язык, программы на котором можно выполнять в разных средах. В нашем случае речь идёт о браузерах и о серверной платформе Node.js. Если до сих пор вы не написали ни строчки кода на JS и читаете этот текст в браузере, на настольном компьютере, это значит, что вы буквально в считанных секундах от своей первой JavaScript-программы.",
            "Существуют и другие способы запуска JS-кода в браузере. Так, если говорить об обычном использовании программ на JavaScript, они загружаются в браузер для обеспечения работы веб-страниц. Как правило, код оформляют в виде отдельных файлов с расширением .js, которые подключают к веб-страницам, но программный код можно включать и непосредственно в код страницы. Всё это делается с помощью тега <script>. Когда браузер обнаруживает такой код, он выполняет его. Подробности о теге script можно посмотреть на сайте w3school.com. В частности, рассмотрим пример, демонстрирующий работу с веб-страницей средствами JavaScript, приведённый на этом ресурсе. Этот пример можно запустить и средствами данного ресурса (ищите кнопку Try it Yourself), но мы поступим немного иначе. А именно, создадим в каком-нибудь текстовом редакторе (например — в VS Code или в Notepad++) новый файл, который назовём hello.html, и добавим в него следующий код:"
          ]
        }
      ]
    },
    {
      "id": "10",
      "title": "Python news",
      "subtitle": "Что нового в JS за 2022 год?",
      "img": "https://zsfond.ru/wp-content/uploads/2021/03/piton-1-1024x578.jpg",
      "views": 1022,
      "createdAt": "26.02.2022",
      "userId": "1",
      "type": [
        "IT"
      ],
      "blocks": [
        {
          "id": "1",
          "type": "TEXT",
          "title": "Заголовок этого блока",
          "paragraphs": [
            "Программа, которую по традиции называют «Hello, world!», очень проста. Она выводит куда-либо фразу «Hello, world!», или другую подобную, средствами некоего языка.",
            "JavaScript — это язык, программы на котором можно выполнять в разных средах. В нашем случае речь идёт о браузерах и о серверной платформе Node.js. Если до сих пор вы не написали ни строчки кода на JS и читаете этот текст в браузере, на настольном компьютере, это значит, что вы буквально в считанных секундах от своей первой JavaScript-программы.",
            "Существуют и другие способы запуска JS-кода в браузере. Так, если говорить об обычном использовании программ на JavaScript, они загружаются в браузер для обеспечения работы веб-страниц. Как правило, код оформляют в виде отдельных файлов с расширением .js, которые подключают к веб-страницам, но программный код можно включать и непосредственно в код страницы. Всё это делается с помощью тега <script>. Когда браузер обнаруживает такой код, он выполняет его. Подробности о теге script можно посмотреть на сайте w3school.com. В частности, рассмотрим пример, демонстрирующий работу с веб-страницей средствами JavaScript, приведённый на этом ресурсе. Этот пример можно запустить и средствами данного ресурса (ищите кнопку Try it Yourself), но мы поступим немного иначе. А именно, создадим в каком-нибудь текстовом редакторе (например — в VS Code или в Notepad++) новый файл, который назовём hello.html, и добавим в него следующий код:"
          ]
        }
      ]
    },
    {
      "id": "11",
      "title": "Kotlin news",
      "subtitle": "Что нового в JS за 2022 год?",
      "img": "https://miro.medium.com/max/1200/1*FNakkrty3kjOvNU8m5iQfw.png",
      "views": 1022,
      "createdAt": "26.02.2022",
      "userId": "1",
      "type": [
        "IT"
      ],
      "blocks": [
        {
          "id": "1",
          "type": "TEXT",
          "title": "Заголовок этого блока",
          "paragraphs": [
            "Программа, которую по традиции называют «Hello, world!», очень проста. Она выводит куда-либо фразу «Hello, world!», или другую подобную, средствами некоего языка.",
            "JavaScript — это язык, программы на котором можно выполнять в разных средах. В нашем случае речь идёт о браузерах и о серверной платформе Node.js. Если до сих пор вы не написали ни строчки кода на JS и читаете этот текст в браузере, на настольном компьютере, это значит, что вы буквально в считанных секундах от своей первой JavaScript-программы.",
            "Существуют и другие способы запуска JS-кода в браузере. Так, если говорить об обычном использовании программ на JavaScript, они загружаются в браузер для обеспечения работы веб-страниц. Как правило, код оформляют в виде отдельных файлов с расширением .js, которые подключают к веб-страницам, но программный код можно включать и непосредственно в код страницы. Всё это делается с помощью тега <script>. Когда браузер обнаруживает такой код, он выполняет его. Подробности о теге script можно посмотреть на сайте w3school.com. В частности, рассмотрим пример, демонстрирующий работу с веб-страницей средствами JavaScript, приведённый на этом ресурсе. Этот пример можно запустить и средствами данного ресурса (ищите кнопку Try it Yourself), но мы поступим немного иначе. А именно, создадим в каком-нибудь текстовом редакторе (например — в VS Code или в Notepad++) новый файл, который назовём hello.html, и добавим в него следующий код:"
          ]
        }
      ]
    },
    {
      "id": "12",
      "title": "Python news",
      "subtitle": "Что нового в JS за 2022 год?",
      "img": "https://zsfond.ru/wp-content/uploads/2021/03/piton-1-1024x578.jpg",
      "views": 1022,
      "createdAt": "26.02.2022",
      "userId": "1",
      "type": [
        "IT"
      ],
      "blocks": [
        {
          "id": "1",
          "type": "TEXT",
          "title": "Заголовок этого блока",
          "paragraphs": [
            "Программа, которую по традиции называют «Hello, world!», очень проста. Она выводит куда-либо фразу «Hello, world!», или другую подобную, средствами некоего языка.",
            "JavaScript — это язык, программы на котором можно выполнять в разных средах. В нашем случае речь идёт о браузерах и о серверной платформе Node.js. Если до сих пор вы не написали ни строчки кода на JS и читаете этот текст в браузере, на настольном компьютере, это значит, что вы буквально в считанных секундах от своей первой JavaScript-программы.",
            "Существуют и другие способы запуска JS-кода в браузере. Так, если говорить об обычном использовании программ на JavaScript, они загружаются в браузер для обеспечения работы веб-страниц. Как правило, код оформляют в виде отдельных файлов с расширением .js, которые подключают к веб-страницам, но программный код можно включать и непосредственно в код страницы. Всё это делается с помощью тега <script>. Когда браузер обнаруживает такой код, он выполняет его. Подробности о теге script можно посмотреть на сайте w3school.com. В частности, рассмотрим пример, демонстрирующий работу с веб-страницей средствами JavaScript, приведённый на этом ресурсе. Этот пример можно запустить и средствами данного ресурса (ищите кнопку Try it Yourself), но мы поступим немного иначе. А именно, создадим в каком-нибудь текстовом редакторе (например — в VS Code или в Notepad++) новый файл, который назовём hello.html, и добавим в него следующий код:"
          ]
        }
      ]
    },
    {
      "id": "13",
      "title": "Kotlin news",
      "subtitle": "Что нового в JS за 2022 год?",
      "img": "https://miro.medium.com/max/1200/1*FNakkrty3kjOvNU8m5iQfw.png",
      "views": 1022,
      "createdAt": "26.02.2022",
      "userId": "1",
      "type": [
        "IT"
      ],
      "blocks": [
        {
          "id": "1",
          "type": "TEXT",
          "title": "Заголовок этого блока",
          "paragraphs": [
            "Программа, которую по традиции называют «Hello, world!», очень проста. Она выводит куда-либо фразу «Hello, world!», или другую подобную, средствами некоего языка.",
            "JavaScript — это язык, программы на котором можно выполнять в разных средах. В нашем случае речь идёт о браузерах и о серверной платформе Node.js. Если до сих пор вы не написали ни строчки кода на JS и читаете этот текст в браузере, на настольном компьютере, это значит, что вы буквально в считанных секундах от своей первой JavaScript-программы.",
            "Существуют и другие способы запуска JS-кода в браузере. Так, если говорить об обычном использовании программ на JavaScript, они загружаются в браузер для обеспечения работы веб-страниц. Как правило, код оформляют в виде отдельных файлов с расширением .js, которые подключают к веб-страницам, но программный код можно включать и непосредственно в код страницы. Всё это делается с помощью тега <script>. Когда браузер обнаруживает такой код, он выполняет его. Подробности о теге script можно посмотреть на сайте w3school.com. В частности, рассмотрим пример, демонстрирующий работу с веб-страницей средствами JavaScript, приведённый на этом ресурсе. Этот пример можно запустить и средствами данного ресурса (ищите кнопку Try it Yourself), но мы поступим немного иначе. А именно, создадим в каком-нибудь текстовом редакторе (например — в VS Code или в Notepad++) новый файл, который назовём hello.html, и добавим в него следующий код:"
          ]
        }
      ]
    },
    {
      "id": "14",
      "title": "Python news",
      "subtitle": "Что нового в JS за 2022 год?",
      "img": "https://zsfond.ru/wp-content/uploads/2021/03/piton-1-1024x578.jpg",
      "views": 1022,
      "createdAt": "26.02.2022",
      "userId": "1",
      "type": [
        "IT"
      ],
      "blocks": [
        {
          "id": "1",
          "type": "TEXT",
          "title": "Заголовок этого блока",
          "paragraphs": [
            "Программа, которую по традиции называют «Hello, world!», очень проста. Она выводит куда-либо фразу «Hello, world!», или другую подобную, средствами некоего языка.",
            "JavaScript — это язык, программы на котором можно выполнять в разных средах. В нашем случае речь идёт о браузерах и о серверной платформе Node.js. Если до сих пор вы не написали ни строчки кода на JS и читаете этот текст в браузере, на настольном компьютере, это значит, что вы буквально в считанных секундах от своей первой JavaScript-программы.",
            "Существуют и другие способы запуска JS-кода в браузере. Так, если говорить об обычном использовании программ на JavaScript, они загружаются в браузер для обеспечения работы веб-страниц. Как правило, код оформляют в виде отдельных файлов с расширением .js, которые подключают к веб-страницам, но программный код можно включать и непосредственно в код страницы. Всё это делается с помощью тега <script>. Когда браузер обнаруживает такой код, он выполняет его. Подробности о теге script можно посмотреть на сайте w3school.com. В частности, рассмотрим пример, демонстрирующий работу с веб-страницей средствами JavaScript, приведённый на этом ресурсе. Этот пример можно запустить и средствами данного ресурса (ищите кнопку Try it Yourself), но мы поступим немного иначе. А именно, создадим в каком-нибудь текстовом редакторе (например — в VS Code или в Notepad++) новый файл, который назовём hello.html, и добавим в него следующий код:"
          ]
        }
      ]
    },
    {
      "id": "15",
      "title": "Kotlin news",
      "subtitle": "Что нового в JS за 2022 год?",
      "img": "https://miro.medium.com/max/1200/1*FNakkrty3kjOvNU8m5iQfw.png",
      "views": 1022,
      "createdAt": "26.02.2022",
      "userId": "1",
      "type": [
        "IT"
      ],
      "blocks": [
        {
          "id": "1",
          "type": "TEXT",
          "title": "Заголовок этого блока",
          "paragraphs": [
            "Программа, которую по традиции называют «Hello, world!», очень проста. Она выводит куда-либо фразу «Hello, world!», или другую подобную, средствами некоего языка.",
            "JavaScript — это язык, программы на котором можно выполнять в разных средах. В нашем случае речь идёт о браузерах и о серверной платформе Node.js. Если до сих пор вы не написали ни строчки кода на JS и читаете этот текст в браузере, на настольном компьютере, это значит, что вы буквально в считанных секундах от своей первой JavaScript-программы.",
            "Существуют и другие способы запуска JS-кода в браузере. Так, если говорить об обычном использовании программ на JavaScript, они загружаются в браузер для обеспечения работы веб-страниц. Как правило, код оформляют в виде отдельных файлов с расширением .js, которые подключают к веб-страницам, но программный код можно включать и непосредственно в код страницы. Всё это делается с помощью тега <script>. Когда браузер обнаруживает такой код, он выполняет его. Подробности о теге script можно посмотреть на сайте w3school.com. В частности, рассмотрим пример, демонстрирующий работу с веб-страницей средствами JavaScript, приведённый на этом ресурсе. Этот пример можно запустить и средствами данного ресурса (ищите кнопку Try it Yourself), но мы поступим немного иначе. А именно, создадим в каком-нибудь текстовом редакторе (например — в VS Code или в Notepad++) новый файл, который назовём hello.html, и добавим в него следующий код:"
          ]
        }
      ]
    },
    {
      "id": "16",
      "title": "Python news",
      "subtitle": "Что нового в JS за 2022 год?",
      "img": "https://zsfond.ru/wp-content/uploads/2021/03/piton-1-1024x578.jpg",
      "views": 1022,
      "createdAt": "26.02.2022",
      "userId": "1",
      "type": [
        "IT"
      ],
      "blocks": [
        {
          "id": "1",
          "type": "TEXT",
          "title": "Заголовок этого блока",
          "paragraphs": [
            "Программа, которую по традиции называют «Hello, world!», очень проста. Она выводит куда-либо фразу «Hello, world!», или другую подобную, средствами некоего языка.",
            "JavaScript — это язык, программы на котором можно выполнять в разных средах. В нашем случае речь идёт о браузерах и о серверной платформе Node.js. Если до сих пор вы не написали ни строчки кода на JS и читаете этот текст в браузере, на настольном компьютере, это значит, что вы буквально в считанных секундах от своей первой JavaScript-программы.",
            "Существуют и другие способы запуска JS-кода в браузере. Так, если говорить об обычном использовании программ на JavaScript, они загружаются в браузер для обеспечения работы веб-страниц. Как правило, код оформляют в виде отдельных файлов с расширением .js, которые подключают к веб-страницам, но программный код можно включать и непосредственно в код страницы. Всё это делается с помощью тега <script>. Когда браузер обнаруживает такой код, он выполняет его. Подробности о теге script можно посмотреть на сайте w3school.com. В частности, рассмотрим пример, демонстрирующий работу с веб-страницей средствами JavaScript, приведённый на этом ресурсе. Этот пример можно запустить и средствами данного ресурса (ищите кнопку Try it Yourself), но мы поступим немного иначе. А именно, создадим в каком-нибудь текстовом редакторе (например — в VS Code или в Notepad++) новый файл, который назовём hello.html, и добавим в него следующий код:"
          ]
        }
      ]
    },
    {
      "id": "17",
      "title": "Kotlin news",
      "subtitle": "Что нового в JS за 2022 год?",
      "img": "https://miro.medium.com/max/1200/1*FNakkrty3kjOvNU8m5iQfw.png",
      "views": 1022,
      "createdAt": "26.02.2022",
      "userId": "1",
      "type": [
        "IT"
      ],
      "blocks": [
        {
          "id": "1",
          "type": "TEXT",
          "title": "Заголовок этого блока",
          "paragraphs": [
            "Программа, которую по традиции называют «Hello, world!», очень проста. Она выводит куда-либо фразу «Hello, world!», или другую подобную, средствами некоего языка.",
            "JavaScript — это язык, программы на котором можно выполнять в разных средах. В нашем случае речь идёт о браузерах и о серверной платформе Node.js. Если до сих пор вы не написали ни строчки кода на JS и читаете этот текст в браузере, на настольном компьютере, это значит, что вы буквально в считанных секундах от своей первой JavaScript-программы.",
            "Существуют и другие способы запуска JS-кода в браузере. Так, если говорить об обычном использовании программ на JavaScript, они загружаются в браузер для обеспечения работы веб-страниц. Как правило, код оформляют в виде отдельных файлов с расширением .js, которые подключают к веб-страницам, но программный код можно включать и непосредственно в код страницы. Всё это делается с помощью тега <script>. Когда браузер обнаруживает такой код, он выполняет его. Подробности о теге script можно посмотреть на сайте w3school.com. В частности, рассмотрим пример, демонстрирующий работу с веб-страницей средствами JavaScript, приведённый на этом ресурсе. Этот пример можно запустить и средствами данного ресурса (ищите кнопку Try it Yourself), но мы поступим немного иначе. А именно, создадим в каком-нибудь текстовом редакторе (например — в VS Code или в Notepad++) новый файл, который назовём hello.html, и добавим в него следующий код:"
          ]
        }
      ]
    },
    {
      "id": "18",
      "title": "Экономическая статья - ИНФЛЯЦИЯ!",
      "subtitle": "Экономика",
      "img": "https://www.mirea.ru/upload/iblock/7cf/vvp_rf2018_1.jpg",
      "views": 1022,
      "createdAt": "26.02.2022",
      "userId": "1",
      "type": [
        "ECONOMICS"
      ],
      "blocks": [
        {
          "id": "1",
          "type": "TEXT",
          "title": "Заголовок этого блока",
          "paragraphs": [
            "Программа, которую по традиции называют «Hello, world!», очень проста. Она выводит куда-либо фразу «Hello, world!», или другую подобную, средствами некоего языка.",
            "JavaScript — это язык, программы на котором можно выполнять в разных средах. В нашем случае речь идёт о браузерах и о серверной платформе Node.js. Если до сих пор вы не написали ни строчки кода на JS и читаете этот текст в браузере, на настольном компьютере, это значит, что вы буквально в считанных секундах от своей первой JavaScript-программы.",
            "Существуют и другие способы запуска JS-кода в браузере. Так, если говорить об обычном использовании программ на JavaScript, они загружаются в браузер для обеспечения работы веб-страниц. Как правило, код оформляют в виде отдельных файлов с расширением .js, которые подключают к веб-страницам, но программный код можно включать и непосредственно в код страницы. Всё это делается с помощью тега <script>. Когда браузер обнаруживает такой код, он выполняет его. Подробности о теге script можно посмотреть на сайте w3school.com. В частности, рассмотрим пример, демонстрирующий работу с веб-страницей средствами JavaScript, приведённый на этом ресурсе. Этот пример можно запустить и средствами данного ресурса (ищите кнопку Try it Yourself), но мы поступим немного иначе. А именно, создадим в каком-нибудь текстовом редакторе (например — в VS Code или в Notepad++) новый файл, который назовём hello.html, и добавим в него следующий код:"
          ]
        }
      ]
    },
    {
      "id": "18",
      "title": "Научная статья - Биология",
      "subtitle": "БиологиЯ",
      "img": "https://avatars.mds.yandex.net/get-zen_doc/2746556/pub_5f50dd7e1a1ddf4776aa5569_5f50decd2506f211d1de6284/scale_1200",
      "views": 1022,
      "createdAt": "26.02.2022",
      "userId": "1",
      "type": [
        "SCIENCE"
      ],
      "blocks": [
        {
          "id": "1",
          "type": "TEXT",
          "title": "Заголовок этого блока",
          "paragraphs": [
            "Программа, которую по традиции называют «Hello, world!», очень проста. Она выводит куда-либо фразу «Hello, world!», или другую подобную, средствами некоего языка.",
            "JavaScript — это язык, программы на котором можно выполнять в разных средах. В нашем случае речь идёт о браузерах и о серверной платформе Node.js. Если до сих пор вы не написали ни строчки кода на JS и читаете этот текст в браузере, на настольном компьютере, это значит, что вы буквально в считанных секундах от своей первой JavaScript-программы.",
            "Существуют и другие способы запуска JS-кода в браузере. Так, если говорить об обычном использовании программ на JavaScript, они загружаются в браузер для обеспечения работы веб-страниц. Как правило, код оформляют в виде отдельных файлов с расширением .js, которые подключают к веб-страницам, но программный код можно включать и непосредственно в код страницы. Всё это делается с помощью тега <script>. Когда браузер обнаруживает такой код, он выполняет его. Подробности о теге script можно посмотреть на сайте w3school.com. В частности, рассмотрим пример, демонстрирующий работу с веб-страницей средствами JavaScript, приведённый на этом ресурсе. Этот пример можно запустить и средствами данного ресурса (ищите кнопку Try it Yourself), но мы поступим немного иначе. А именно, создадим в каком-нибудь текстовом редакторе (например — в VS Code или в Notepad++) новый файл, который назовём hello.html, и добавим в него следующий код:"
          ]
        }
      ]
    }
  ],
  "comments": [
    {
      "id": "1",
      "text": "some comment",
      "articleId": "1",
      "userId": "1"
    },
    {
      "id": "2",
      "text": "some comment 2",
      "articleId": "1",
      "userId": "1"
    },
    {
      "id": "3",
      "text": "some comment 3",
      "articleId": "1",
      "userId": "1"
    },
    {
      "articleId": "1",
      "userId": "1",
      "text": "123",
      "id": "4Cljjzl"
    },
    {
      "articleId": "1",
      "userId": "1",
      "text": "123asfasf",
      "id": "AEM4Dvc"
    },
    {
      "articleId": "1",
      "userId": "2",
      "text": "123asfasf",
      "id": "IFEOWl0"
    },
    {
      "articleId": "1",
      "userId": "2",
      "text": "привет мир",
      "id": "dBacYRZ"
    },
    {
      "articleId": "1",
      "userId": "2",
      "text": "хехехехе",
      "id": "rBX_C-e"
    },
    {
      "articleId": "1",
      "userId": "2",
      "text": "фыафыа",
      "id": "5k0ApX-"
    },
    {
      "articleId": "1",
      "userId": "2",
      "text": "sdfsdfsd",
      "id": "w-HDIRq"
    },
    {
      "articleId": "1",
      "userId": "2",
      "text": "asdasdasd",
      "id": "MVvGQoZ"
    },
    {
      "articleId": "3",
      "userId": "1",
      "text": "comment 1",
      "id": "bAs7YBE"
    },
    {
      "articleId": "2",
      "userId": "1",
      "text": "python!!!",
      "id": "p5rMadd"
    },
    {
      "articleId": "3",
      "userId": "1",
      "text": "123213",
      "id": "Zu_RNuF"
    },
    {
      "articleId": "8",
      "userId": "1",
      "text": "dfdsf",
      "id": "4rFHQgJ"
    },
    {
      "articleId": "8",
      "userId": "1",
      "text": "sdfsdf",
      "id": "yYEdTI-"
    },
    {
      "articleId": "7",
      "userId": "1",
      "text": "123213",
      "id": "TR1yDY6"
    },
    {
      "articleId": "7",
      "userId": "1",
      "text": "112",
      "id": "wSAhqy5"
    },
    {
      "articleId": "18",
      "userId": "1",
      "text": "12",
      "id": "r6b1z-N"
    },
    {
      "articleId": "18",
      "userId": "2",
      "text": "привет",
      "id": "DENfTu6"
    },
    {
      "articleId": "7",
      "userId": "2",
      "text": "33",
      "id": "Ps59wrg"
    },
    {
      "articleId": "7",
      "userId": "2",
      "text": "123",
      "id": "zzYVth3"
    },
    {
      "articleId": "7",
      "userId": "2",
      "text": "123",
      "id": "WjF4c_d"
    },
    {
      "articleId": "1",
      "userId": "2",
      "text": "privet",
      "id": "fta748h"
    },
    {
      "articleId": "2",
      "userId": "2",
      "text": "питон топ",
      "id": "ZlmlUrg"
    },
    {
      "articleId": "7",
      "userId": "1",
      "text": "123",
      "id": "KmtWJR_"
    }
  ],
  "users": [
    {
      "id": "1",
      "username": "admin",
      "password": "123",
      "roles": [
        "ADMIN"
      ],
      "avatar": "https://yakutsk.ru/wp-content/uploads/2022/07/12/bystrov_haker.jpeg"
    },
    {
      "id": "2",
      "username": "user",
      "password": "123",
      "roles": [
        "USER"
      ],
      "avatar": "https://xakep.ru/wp-content/uploads/2018/05/171485/KuroiSH-hacker.jpg"
    },
    {
      "id": "3",
      "username": "manager",
      "password": "123",
      "roles": [
        "MANAGER"
      ],
      "avatar": "https://xakep.ru/wp-content/uploads/2018/05/171485/KuroiSH-hacker.jpg"
    }
  ],
  "profile": [
    {
      "id": "1",
      "first": "timur",
      "lastname": "ulbi",
      "age": 465,
      "currency": "RUB",
      "country": "Belarus",
      "city": "Moscow",
      "username": "admin213",
      "avatar": "https://yt3.ggpht.com/ytc/AKedOLTYUJxG8Hu036PQ_TXpMLq2fG8Kj8NZI4h0lbn_3g=s900-c-k-c0x00ffffff-no-rj"
    },
    {
      "id": "2",
      "first": "ulbi tv",
      "lastname": "asf",
      "age": 465,
      "currency": "EUR",
      "country": "Ukraine",
      "city": "Moscow",
      "username": "ulbi tv",
      "avatar": "https://xakep.ru/wp-content/uploads/2018/05/171485/KuroiSH-hacker.jpg"
    }
  ],
  "article-ratings": [
    {
      "id": "1",
      "rate": 4,
      "feedback": "Хорошая статья",
      "userId": "1",
      "articleId": "1"
    },
    {
      "id": "2",
      "rate": 4,
      "feedback": "Хорошая статья",
      "userId": "1",
      "articleId": "2"
    },
    {
      "userId": "1",
      "articleId": "3",
      "rate": 3,
      "feedback": "",
      "id": "I7ofk1u"
    },
    {
      "userId": "1",
      "articleId": "9",
      "rate": 5,
      "feedback": "asdasdasdasd",
      "id": "Y7MhPzo"
    },
    {
      "userId": "1",
      "articleId": "10",
      "rate": 1,
      "feedback": "отстой",
      "id": "II0a75O"
    },
    {
      "userId": "1",
      "articleId": "7",
      "rate": 3,
      "feedback": "",
      "id": "bcPnbbZ"
    }
  ],
  "profile-ratings": [
    {
      "id": "1",
      "rate": 4,
      "feedback": "Хорошая статья",
      "userId": "1",
      "profileId": "1"
    },
    {
      "id": "2",
      "rate": 4,
      "feedback": "Хорошая статья",
      "userId": "1",
      "profileId": "2"
    }
  ]
}